reb_ts,net_prod,held,exposure,n_hours
2026-09-12 06:00:00+00:00,0.3628985066156365,"['CHIP-USDT', 'LSK-USDT', 'MINA-USDT', 'RAY-USDT', 'ZEC-USDT']",1.0,24
2026-04-16 06:00:00+00:00,0.12644917963247604,"['BABY-USDT', 'ORDI-USDT', 'XPL-USDT', 'ZAMA-USDT', 'ZEC-USDT']",1.0,24
2026-05-23 06:00:00+00:00,0.11982239113998294,"['HYPE-USDT', 'INJ-USDT', 'NEAR-USDT', 'ONDO-USDT', 'ZEC-USDT']",1.0,24
2025-08-20 06:00:00+00:00,0.1191120040999345,"['BNB-USDT', 'ETH-USDT', 'LINK-USDT', 'OKB-USDT', 'TRX-USDT']",1.0,24
2026-09-17 06:00:00+00:00,0.11319187806111475,"['ARB-USDT', 'LSK-USDT', 'MINA-USDT', 'RAY-USDT', 'ZEC-USDT']",1.0,24
2025-07-13 06:00:00+00:00,0.10954447708054649,"['HBAR-USDT', 'PENGU-USDT', 'RAY-USDT', 'XLM-USDT', 'XRP-USDT']",1.0,24
2025-05-13 06:00:00+00:00,0.10468811287141944,"['ETHFI-USDT', 'FET-USDT', 'PENGU-USDT', 'PEPE-USDT', 'SUI-USDT']",1.0,24
2026-09-16 06:00:00+00:00,0.10199575111462322,"['ARB-USDT', 'LSK-USDT', 'MINA-USDT', 'RAY-USDT', 'ZEC-USDT']",1.0,24
2025-05-08 06:00:00+00:00,0.1004915445650647,"['CRV-USDT', 'FET-USDT', 'PENGU-USDT', 'RAY-USDT', 'SUI-USDT']",1.0,24
2026-08-21 06:00:00+00:00,0.09905904174530411,"['CRV-USDT', 'ENA-USDT', 'LINK-USDT', 'OKB-USDT', 'PUMP-USDT']",1.0,24
2025-01-27 06:00:00+00:00,0.0986307931939121,"['JUP-USDT', 'LTC-USDT', 'RAY-USDT', 'SOL-USDT', 'XRP-USDT']",1.0,24
2025-05-07 06:00:00+00:00,0.09759664234466592,"['CRV-USDT', 'FET-USDT', 'PENGU-USDT', 'RAY-USDT', 'SUI-USDT']",1.0,24
2025-01-03 06:00:00+00:00,0.08600611330764951,"['AAVE-USDT', 'BTC-USDT', 'RAY-USDT', 'SUI-USDT', 'SUSHI-USDT']",1.0,24
2026-05-08 06:00:00+00:00,0.08238902648610114,"['DASH-USDT', 'ORDI-USDT', 'PENGU-USDT', 'STRK-USDT', 'ZEC-USDT']",1.0,24
2025-07-25 06:00:00+00:00,0.08227495115365757,"['CRV-USDT', 'ETH-USDT', 'HBAR-USDT', 'PENGU-USDT', 'XLM-USDT']",1.0,24
2026-05-20 06:00:00+00:00,0.08160429522844859,"['DASH-USDT', 'INJ-USDT', 'LIT-USDT', 'ONDO-USDT', 'ZEC-USDT']",1.0,24
2025-07-17 06:00:00+00:00,0.08054514605904828,"['CRV-USDT', 'HBAR-USDT', 'PENGU-USDT', 'XLM-USDT', 'XRP-USDT']",1.0,24
2026-08-20 06:00:00+00:00,0.079600618011328,"['CRV-USDT', 'LINK-USDT', 'LIT-USDT', 'OKB-USDT', 'PUMP-USDT']",1.0,24
2025-04-27 06:00:00+00:00,0.07898351995354491,"['FET-USDT', 'PENGU-USDT', 'RAY-USDT', 'SUI-USDT', 'TRUMP-USDT']",1.0,24
2025-07-09 06:00:00+00:00,0.07855248959207661,"['AAVE-USDT', 'BCH-USDT', 'ETH-USDT', 'PENGU-USDT', 'UNI-USDT']",1.0,24
2025-04-24 06:00:00+00:00,0.07752733252296773,"['BCH-USDT', 'CRV-USDT', 'FET-USDT', 'RAY-USDT', 'SUI-USDT']",1.0,24
2025-08-16 06:00:00+00:00,0.07720351644103318,"['ADA-USDT', 'ETH-USDT', 'LINK-USDT', 'OKB-USDT', 'UNI-USDT']",1.0,24
2025-01-16 06:00:00+00:00,0.07656694898881278,"['HBAR-USDT', 'LTC-USDT', 'RAY-USDT', 'XLM-USDT', 'XRP-USDT']",1.0,24
2026-09-03 06:00:00+00:00,0.07632867533049192,"['CHIP-USDT', 'CRV-USDT', 'LIT-USDT', 'MINA-USDT', 'PUMP-USDT']",1.0,24
2025-06-09 06:00:00+00:00,0.07585288513781041,"['AAVE-USDT', 'ETH-USDT', 'ETHFI-USDT', 'INJ-USDT', 'TRX-USDT']",1.0,24
2025-08-07 06:00:00+00:00,0.07447642867543203,"['CRV-USDT', 'ETH-USDT', 'HBAR-USDT', 'PENGU-USDT', 'XLM-USDT']",1.0,24
2025-02-03 06:00:00+00:00,0.07368826967497011,"['BTC-USDT', 'OKB-USDT', 'RAY-USDT', 'SOL-USDT', 'XRP-USDT']",1.0,24
2025-08-12 06:00:00+00:00,0.07306907785268102,"['CRV-USDT', 'ETH-USDT', 'LINK-USDT', 'PENGU-USDT', 'UNI-USDT']",1.0,24
2026-05-28 06:00:00+00:00,0.06934668860889515,"['HYPE-USDT', 'INJ-USDT', 'NEAR-USDT', 'ZAMA-USDT', 'ZEC-USDT']",1.0,24
2025-01-14 06:00:00+00:00,0.06815033150079008,"['BNB-USDT', 'HBAR-USDT', 'SUI-USDT', 'XLM-USDT', 'XRP-USDT']",1.0,24
2026-05-18 06:00:00+00:00,0.06811302206180025,"['DASH-USDT', 'INJ-USDT', 'ONDO-USDT', 'TRX-USDT', 'ZEC-USDT']",1.0,24
2025-07-20 06:00:00+00:00,0.06732620733235217,"['CRV-USDT', 'HBAR-USDT', 'PENGU-USDT', 'SUSHI-USDT', 'XLM-USDT']",1.0,24
2026-05-05 06:00:00+00:00,0.067206223010847,"['BABY-USDT', 'DASH-USDT', 'ORDI-USDT', 'PENGU-USDT', 'ZEC-USDT']",1.0,24
2025-06-02 06:00:00+00:00,0.0671483161718125,"['AAVE-USDT', 'ETH-USDT', 'ETHFI-USDT', 'INJ-USDT', 'PEPE-USDT']",1.0,24
2025-09-13 06:00:00+00:00,0.0655925460019835,"['AVAX-USDT', 'OKB-USDT', 'PUMP-USDT', 'SOL-USDT', 'WLD-USDT']",1.0,24
2026-09-08 06:00:00+00:00,0.06450859387039021,"['ARB-USDT', 'CHIP-USDT', 'DASH-USDT', 'LIT-USDT', 'ZEC-USDT']",1.0,24
2025-04-25 06:00:00+00:00,0.06440267761743668,"['CRV-USDT', 'FET-USDT', 'PENGU-USDT', 'RAY-USDT', 'SUI-USDT']",1.0,24
2025-01-01 06:00:00+00:00,0.06149971629418749,"['AAVE-USDT', 'CRV-USDT', 'ONDO-USDT', 'SUI-USDT', 'TRX-USDT']",1.0,24
2025-01-15 06:00:00+00:00,0.06092104158622047,"['BNB-USDT', 'HBAR-USDT', 'RAY-USDT', 'XLM-USDT', 'XRP-USDT']",1.0,24
2025-05-19 06:00:00+00:00,0.06083179098052871,"['ETHFI-USDT', 'PENGU-USDT', 'PEPE-USDT', 'SUI-USDT', 'WLD-USDT']",1.0,24
2025-10-01 06:00:00+00:00,0.05984440085606546,"['AVAX-USDT', 'BNB-USDT', 'ETHFI-USDT', 'PUMP-USDT', 'WLD-USDT']",1.0,24
2025-07-10 06:00:00+00:00,0.058804260670897834,"['BCH-USDT', 'PENGU-USDT', 'UNI-USDT', 'XLM-USDT', 'XRP-USDT']",1.0,24
2025-02-10 06:00:00+00:00,0.05371157197483778,"['BTC-USDT', 'JUP-USDT', 'LTC-USDT', 'ONDO-USDT', 'SOL-USDT']",1.0,24
2025-08-03 06:00:00+00:00,0.048394452638228946,"['CRV-USDT', 'ETH-USDT', 'HBAR-USDT', 'PENGU-USDT', 'XLM-USDT']",1.0,24
2025-06-29 06:00:00+00:00,0.04417996922219136,"['AAVE-USDT', 'BCH-USDT', 'PENGU-USDT', 'TRX-USDT', 'UNI-USDT']",1.0,24
2025-06-06 06:00:00+00:00,0.04368845841443303,"['AAVE-USDT', 'ETH-USDT', 'ETHFI-USDT', 'INJ-USDT', 'PEPE-USDT']",1.0,24
2025-07-15 06:00:00+00:00,0.043150645273738686,"['HBAR-USDT', 'PENGU-USDT', 'RAY-USDT', 'XLM-USDT', 'XRP-USDT']",1.0,24
2026-04-20 06:00:00+00:00,0.04250824655733698,"['AR-USDT', 'ARB-USDT', 'ORDI-USDT', 'ZAMA-USDT', 'ZEC-USDT']",1.0,24
2026-09-05 06:00:00+00:00,0.04158436774340046,"['CHIP-USDT', 'DASH-USDT', 'LIT-USDT', 'MINA-USDT', 'ZEC-USDT']",1.0,24
2025-05-27 06:00:00+00:00,0.03965843607925246,"['AAVE-USDT', 'ETH-USDT', 'ETHFI-USDT', 'INJ-USDT', 'PEPE-USDT']",1.0,24
2025-09-17 06:00:00+00:00,0.03943744213809097,"['ETHFI-USDT', 'OKB-USDT', 'PUMP-USDT', 'SOL-USDT', 'WLD-USDT']",1.0,24
2025-07-11 06:00:00+00:00,0.039404103398327894,"['BCH-USDT', 'HBAR-USDT', 'PENGU-USDT', 'RAY-USDT', 'XRP-USDT']",1.0,24
2026-09-11 06:00:00+00:00,0.03796228008378488,"['CHIP-USDT', 'LIT-USDT', 'MINA-USDT', 'RAY-USDT', 'ZEC-USDT']",1.0,24
2025-06-10 06:00:00+00:00,0.03758166297441745,"['AAVE-USDT', 'ETH-USDT', 'ETHFI-USDT', 'ICP-USDT', 'TRX-USDT']",1.0,24
2025-01-23 06:00:00+00:00,0.037136579114085855,"['OKB-USDT', 'RAY-USDT', 'SOL-USDT', 'XLM-USDT', 'XRP-USDT']",1.0,24
2025-08-21 06:00:00+00:00,0.036899503746484985,"['BNB-USDT', 'ETH-USDT', 'LINK-USDT', 'OKB-USDT', 'TRX-USDT']",1.0,24
2026-09-04 06:00:00+00:00,0.03411376080333928,"['CHIP-USDT', 'ENA-USDT', 'LIT-USDT', 'MINA-USDT', 'ZEC-USDT']",1.0,24
2025-05-25 06:00:00+00:00,0.03362187807739936,"['AAVE-USDT', 'ETHFI-USDT', 'PENGU-USDT', 'PEPE-USDT', 'WLD-USDT']",1.0,24
2025-06-23 06:00:00+00:00,0.03190189183637826,"['BCH-USDT', 'BTC-USDT', 'OKB-USDT', 'TRX-USDT', 'UNI-USDT']",1.0,24
2025-07-22 06:00:00+00:00,0.031793561679291704,"['HBAR-USDT', 'JUP-USDT', 'PENGU-USDT', 'RAY-USDT', 'XLM-USDT']",1.0,24
2025-07-08 06:00:00+00:00,0.03135622669247495,"['AAVE-USDT', 'BCH-USDT', 'PENGU-USDT', 'UNI-USDT', 'XRP-USDT']",1.0,24
2025-08-22 06:00:00+00:00,0.031053386975508745,"['BNB-USDT', 'ETH-USDT', 'LINK-USDT', 'OKB-USDT', 'TRX-USDT']",1.0,24
2026-04-24 06:00:00+00:00,0.03085759609331462,"['ARB-USDT', 'MON-USDT', 'ORDI-USDT', 'ZAMA-USDT', 'ZEC-USDT']",1.0,24
2025-05-09 06:00:00+00:00,0.028588587512500263,"['FET-USDT', 'PENGU-USDT', 'PEPE-USDT', 'SUI-USDT', 'TRUMP-USDT']",1.0,24
2026-05-01 06:00:00+00:00,0.02854844028582204,"['ARB-USDT', 'ORDI-USDT', 'PENGU-USDT', 'RAY-USDT', 'ZEC-USDT']",1.0,24
2025-04-30 06:00:00+00:00,0.028536595803635434,"['CRV-USDT', 'FET-USDT', 'PENGU-USDT', 'RAY-USDT', 'SUI-USDT']",1.0,24
2025-08-06 06:00:00+00:00,0.02833808388580361,"['CRV-USDT', 'ETH-USDT', 'HBAR-USDT', 'PENGU-USDT', 'XLM-USDT']",1.0,24
2025-07-26 06:00:00+00:00,0.028280621025684516,"['AR-USDT', 'CRV-USDT', 'HBAR-USDT', 'PENGU-USDT', 'XLM-USDT']",1.0,24
2025-05-28 06:00:00+00:00,0.028031231157019665,"['AAVE-USDT', 'ETH-USDT', 'ETHFI-USDT', 'INJ-USDT', 'PEPE-USDT']",1.0,24
2025-01-21 06:00:00+00:00,0.027944624924105543,"['HBAR-USDT', 'OKB-USDT', 'RAY-USDT', 'SOL-USDT', 'XRP-USDT']",1.0,24
2026-08-23 06:00:00+00:00,0.02766506608687047,"['CRV-USDT', 'ENA-USDT', 'PUMP-USDT', 'TRUMP-USDT', 'ZEC-USDT']",1.0,24
2025-02-08 06:00:00+00:00,0.02735412975595808,"['BTC-USDT', 'LTC-USDT', 'ONDO-USDT', 'SOL-USDT', 'XRP-USDT']",1.0,24
2025-06-15 06:00:00+00:00,0.026993304628197823,"['AAVE-USDT', 'BCH-USDT', 'BNB-USDT', 'BTC-USDT', 'UNI-USDT']",1.0,24
2025-01-29 06:00:00+00:00,0.025965008240986798,"['JUP-USDT', 'RAY-USDT', 'SOL-USDT', 'XLM-USDT', 'XRP-USDT']",1.0,24
2026-08-27 06:00:00+00:00,0.024932067212958042,"['CRV-USDT', 'ENA-USDT', 'PENGU-USDT', 'PUMP-USDT', 'ZEC-USDT']",1.0,24
2025-01-04 06:00:00+00:00,0.024874045895291852,"['AAVE-USDT', 'RAY-USDT', 'SUI-USDT', 'SUSHI-USDT', 'XRP-USDT']",1.0,24
2025-09-12 06:00:00+00:00,0.024447498870700857,"['AVAX-USDT', 'OKB-USDT', 'PUMP-USDT', 'SOL-USDT', 'WLD-USDT']",1.0,24
2025-07-02 06:00:00+00:00,0.023977477465378927,"['AAVE-USDT', 'BCH-USDT', 'PENGU-USDT', 'TRX-USDT', 'UNI-USDT']",1.0,24
2026-04-30 06:00:00+00:00,0.02379854052912389,"['ARB-USDT', 'ORDI-USDT', 'PENGU-USDT', 'RAY-USDT', 'ZEC-USDT']",1.0,24
2025-05-04 06:00:00+00:00,0.023504304341244397,"['CRV-USDT', 'FET-USDT', 'PENGU-USDT', 'RAY-USDT', 'SUI-USDT']",1.0,24
2025-07-30 06:00:00+00:00,0.02254080948989068,"['CRV-USDT', 'ETH-USDT', 'HBAR-USDT', 'PENGU-USDT', 'XLM-USDT']",1.0,24
2025-08-10 06:00:00+00:00,0.02207614974714378,"['CRV-USDT', 'ETH-USDT', 'LINK-USDT', 'PENGU-USDT', 'XLM-USDT']",1.0,24
2025-07-24 06:00:00+00:00,0.021966993899067866,"['CRV-USDT', 'ETH-USDT', 'HBAR-USDT', 'PENGU-USDT', 'XLM-USDT']",1.0,24
2026-05-06 06:00:00+00:00,0.020836710450705676,"['AR-USDT', 'DASH-USDT', 'ORDI-USDT', 'PENGU-USDT', 'ZEC-USDT']",1.0,24
2026-05-16 06:00:00+00:00,0.01952232931061837,"['BABY-USDT', 'INJ-USDT', 'ONDO-USDT', 'STRK-USDT', 'ZEC-USDT']",1.0,24
2026-09-15 06:00:00+00:00,0.019438441903450565,"['LSK-USDT', 'MINA-USDT', 'RAY-USDT', 'UNI-USDT', 'ZEC-USDT']",1.0,24
2025-09-11 06:00:00+00:00,0.01844481614942106,"['AVAX-USDT', 'OKB-USDT', 'PUMP-USDT', 'SOL-USDT', 'WLD-USDT']",1.0,24
2025-07-12 06:00:00+00:00,0.017623762538324428,"['BCH-USDT', 'PENGU-USDT', 'RAY-USDT', 'XLM-USDT', 'XRP-USDT']",1.0,24
2026-05-25 06:00:00+00:00,0.01740111526729704,"['HYPE-USDT', 'INJ-USDT', 'NEAR-USDT', 'ONDO-USDT', 'ZEC-USDT']",1.0,24
2026-05-21 06:00:00+00:00,0.01730903790800853,"['DASH-USDT', 'INJ-USDT', 'LIT-USDT', 'ONDO-USDT', 'ZEC-USDT']",1.0,24
2025-05-20 06:00:00+00:00,0.017302719188253546,"['AAVE-USDT', 'ETHFI-USDT', 'PENGU-USDT', 'PEPE-USDT', 'SUI-USDT']",1.0,24
2025-01-18 06:00:00+00:00,0.01725544140212465,"['HBAR-USDT', 'LTC-USDT', 'OKB-USDT', 'RAY-USDT', 'XRP-USDT']",1.0,24
2025-06-19 06:00:00+00:00,0.017186719004682605,"['BCH-USDT', 'BTC-USDT', 'OKB-USDT', 'TRX-USDT', 'UNI-USDT']",1.0,24
2025-10-04 06:00:00+00:00,0.017072694726829818,"['BNB-USDT', 'ETHFI-USDT', 'OKB-USDT', 'PUMP-USDT', 'WLD-USDT']",1.0,24
2025-05-11 06:00:00+00:00,0.01681297922481173,"['ETHFI-USDT', 'FET-USDT', 'PENGU-USDT', 'PEPE-USDT', 'RAY-USDT']",1.0,24
2026-05-29 06:00:00+00:00,0.01660699235101304,"['HYPE-USDT', 'INJ-USDT', 'NEAR-USDT', 'ZAMA-USDT', 'ZEC-USDT']",1.0,24
2025-07-16 06:00:00+00:00,0.016340266068158638,"['HBAR-USDT', 'PENGU-USDT', 'RAY-USDT', 'XLM-USDT', 'XRP-USDT']",1.0,24
2025-10-02 06:00:00+00:00,0.015611554649402892,"['AVAX-USDT', 'ETHFI-USDT', 'PUMP-USDT', 'WLD-USDT', 'ZRO-USDT']",1.0,24
2025-09-30 06:00:00+00:00,0.015097682678146596,"['AVAX-USDT', 'BNB-USDT', 'ETHFI-USDT', 'PUMP-USDT', 'WLD-USDT']",1.0,24
2025-01-25 06:00:00+00:00,0.01498649820559006,"['LTC-USDT', 'RAY-USDT', 'SOL-USDT', 'XLM-USDT', 'XRP-USDT']",1.0,24
2025-05-02 06:00:00+00:00,0.01386028227543723,"['CRV-USDT', 'FET-USDT', 'PENGU-USDT', 'RAY-USDT', 'SUI-USDT']",1.0,24
2025-07-01 06:00:00+00:00,0.01255420638877247,"['AAVE-USDT', 'BCH-USDT', 'PENGU-USDT', 'TRX-USDT', 'UNI-USDT']",1.0,24
2025-04-26 06:00:00+00:00,0.012479514706262185,"['FET-USDT', 'PENGU-USDT', 'RAY-USDT', 'SUI-USDT', 'TRUMP-USDT']",1.0,24
2026-05-12 06:00:00+00:00,0.012450065975624147,"['INJ-USDT', 'ONDO-USDT', 'ORDI-USDT', 'TIA-USDT', 'ZEC-USDT']",1.0,24
2025-08-08 06:00:00+00:00,0.01235847563831638,"['CRV-USDT', 'ETH-USDT', 'HBAR-USDT', 'PENGU-USDT', 'XLM-USDT']",1.0,24
2026-08-31 06:00:00+00:00,0.012196573807179867,"['ENA-USDT', 'LIT-USDT', 'PUMP-USDT', 'TRUMP-USDT', 'ZEC-USDT']",1.0,24
2025-09-20 06:00:00+00:00,0.0121031142288488,"['AVAX-USDT', 'ETHFI-USDT', 'PUMP-USDT', 'SOL-USDT', 'WLD-USDT']",1.0,24
2025-01-08 06:00:00+00:00,0.011726760066466557,"['AAVE-USDT', 'BNB-USDT', 'BTC-USDT', 'RAY-USDT', 'SUI-USDT']",1.0,24
2025-10-03 06:00:00+00:00,0.011300806498775184,"['AVAX-USDT', 'BNB-USDT', 'ETHFI-USDT', 'PUMP-USDT', 'WLD-USDT']",1.0,24
2025-02-15 06:00:00+00:00,0.010311494028409696,"['JUP-USDT', 'LTC-USDT', 'OKB-USDT', 'ONDO-USDT', 'TRX-USDT']",1.0,24
2026-05-02 06:00:00+00:00,0.009376524290892752,"['ARB-USDT', 'INJ-USDT', 'ORDI-USDT', 'PENGU-USDT', 'ZEC-USDT']",1.0,24
2025-06-03 06:00:00+00:00,0.009184460186948629,"['AAVE-USDT', 'ETH-USDT', 'ETHFI-USDT', 'INJ-USDT', 'PEPE-USDT']",1.0,24
2025-08-18 06:00:00+00:00,0.008714965039939626,"['BABY-USDT', 'ETH-USDT', 'LINK-USDT', 'OKB-USDT', 'RAY-USDT']",1.0,24
2025-06-13 06:00:00+00:00,0.00864476901287703,"['AAVE-USDT', 'BCH-USDT', 'BTC-USDT', 'TRX-USDT', 'UNI-USDT']",1.0,24
2025-08-09 06:00:00+00:00,0.008042549037891922,"['CRV-USDT', 'ETH-USDT', 'HBAR-USDT', 'PENGU-USDT', 'XLM-USDT']",1.0,24
2025-05-21 06:00:00+00:00,0.007555602883315471,"['AAVE-USDT', 'ETHFI-USDT', 'PENGU-USDT', 'PEPE-USDT', 'TRUMP-USDT']",1.0,24
2025-06-24 06:00:00+00:00,0.007434383471546457,"['BCH-USDT', 'BTC-USDT', 'OKB-USDT', 'TRX-USDT', 'UNI-USDT']",1.0,24
2025-09-09 06:00:00+00:00,0.006618049800011239,"['ARB-USDT', 'OKB-USDT', 'PUMP-USDT', 'SOL-USDT', 'WLD-USDT']",1.0,24
2026-09-18 06:00:00+00:00,0.0060902004205483085,"['ARB-USDT', 'LSK-USDT', 'RAY-USDT', 'UNI-USDT', 'ZEC-USDT']",1.0,7
2026-04-21 06:00:00+00:00,0.005841543401035931,"['AR-USDT', 'ARB-USDT', 'ORDI-USDT', 'ZAMA-USDT', 'ZEC-USDT']",1.0,24
2025-01-09 06:00:00+00:00,0.005646735214803966,"['AAVE-USDT', 'BNB-USDT', 'RAY-USDT', 'SUI-USDT', 'XRP-USDT']",1.0,24
2026-09-01 06:00:00+00:00,0.005424934447831653,"['CRV-USDT', 'ENA-USDT', 'LIT-USDT', 'PUMP-USDT', 'ZEC-USDT']",1.0,24
2026-05-24 06:00:00+00:00,0.004743736101923357,"['HYPE-USDT', 'INJ-USDT', 'NEAR-USDT', 'ONDO-USDT', 'ZEC-USDT']",1.0,24
2025-07-06 06:00:00+00:00,0.004603115316663908,"['AAVE-USDT', 'BCH-USDT', 'PENGU-USDT', 'UNI-USDT', 'XRP-USDT']",1.0,24
2025-07-05 06:00:00+00:00,0.004571159540948333,"['BCH-USDT', 'BTC-USDT', 'PENGU-USDT', 'TRX-USDT', 'UNI-USDT']",1.0,24
2025-06-25 06:00:00+00:00,0.0038305712537263226,"['AAVE-USDT', 'BCH-USDT', 'BTC-USDT', 'TRX-USDT', 'UNI-USDT']",1.0,24
2025-06-08 06:00:00+00:00,0.0034629184550125647,"['AAVE-USDT', 'ETH-USDT', 'ETHFI-USDT', 'INJ-USDT', 'TRX-USDT']",1.0,24
2026-05-19 06:00:00+00:00,0.0031278708221897933,"['DASH-USDT', 'INJ-USDT', 'NEAR-USDT', 'ONDO-USDT', 'ZEC-USDT']",1.0,24
2025-05-15 06:00:00+00:00,0.0023944857357682814,"['ETHFI-USDT', 'ORDI-USDT', 'PENGU-USDT', 'PEPE-USDT', 'SUI-USDT']",1.0,24
2026-08-29 06:00:00+00:00,0.0020024485525922397,"['CHIP-USDT', 'ENA-USDT', 'PUMP-USDT', 'TRUMP-USDT', 'ZEC-USDT']",1.0,24
2026-04-28 06:00:00+00:00,0.0012326781737845849,"['ARB-USDT', 'JUP-USDT', 'ORDI-USDT', 'PENGU-USDT', 'ZEC-USDT']",1.0,24
2025-09-05 06:00:00+00:00,0.0009184037989680149,"['LINK-USDT', 'OKB-USDT', 'POL-USDT', 'PUMP-USDT', 'RAY-USDT']",1.0,24
2025-05-31 06:00:00+00:00,0.0005481880722271182,"['AAVE-USDT', 'ETH-USDT', 'ETHFI-USDT', 'INJ-USDT', 'PEPE-USDT']",1.0,24
2025-05-10 06:00:00+00:00,0.0005037043805333763,"['FET-USDT', 'PENGU-USDT', 'PEPE-USDT', 'SUI-USDT', 'TRUMP-USDT']",1.0,24
2025-09-16 06:00:00+00:00,5.455859569791777e-05,"['ETHFI-USDT', 'OKB-USDT', 'PUMP-USDT', 'SOL-USDT', 'WLD-USDT']",1.0,24
2026-01-20 06:00:00+00:00,0.0,[],0.0,24
2026-01-19 06:00:00+00:00,0.0,[],0.0,24
2025-12-04 06:00:00+00:00,0.0,[],0.0,24
2026-01-18 06:00:00+00:00,0.0,[],0.0,24
2026-01-17 06:00:00+00:00,0.0,[],0.0,24
2026-01-16 06:00:00+00:00,0.0,[],0.0,24
2026-01-15 06:00:00+00:00,0.0,[],0.0,24
2026-01-30 06:00:00+00:00,0.0,[],0.0,24
2025-12-05 06:00:00+00:00,0.0,[],0.0,24
2026-01-29 06:00:00+00:00,0.0,[],0.0,24
2026-01-28 06:00:00+00:00,0.0,[],0.0,24
2026-01-23 06:00:00+00:00,0.0,[],0.0,24
2026-01-27 06:00:00+00:00,0.0,[],0.0,24
2026-01-26 06:00:00+00:00,0.0,[],0.0,24
2026-01-25 06:00:00+00:00,0.0,[],0.0,24
2026-01-24 06:00:00+00:00,0.0,[],0.0,24
2025-12-03 06:00:00+00:00,0.0,[],0.0,24
2026-04-01 06:00:00+00:00,0.0,[],0.0,24
2026-03-31 06:00:00+00:00,0.0,[],0.0,24
2026-02-26 06:00:00+00:00,0.0,[],0.0,24
2026-02-25 06:00:00+00:00,0.0,[],0.0,24
2026-02-24 06:00:00+00:00,0.0,[],0.0,24
2026-01-06 06:00:00+00:00,0.0,[],0.0,24
2026-01-05 06:00:00+00:00,0.0,[],0.0,24
2026-01-04 06:00:00+00:00,0.0,[],0.0,24
2026-01-03 06:00:00+00:00,0.0,[],0.0,24
2026-01-02 06:00:00+00:00,0.0,[],0.0,24
2026-01-21 06:00:00+00:00,0.0,[],0.0,24
2025-12-31 06:00:00+00:00,0.0,[],0.0,24
2025-12-30 06:00:00+00:00,0.0,[],0.0,24
2026-01-14 06:00:00+00:00,0.0,[],0.0,24
2026-01-13 06:00:00+00:00,0.0,[],0.0,24
2026-01-12 06:00:00+00:00,0.0,[],0.0,24
2026-01-11 06:00:00+00:00,0.0,[],0.0,24
2026-01-10 06:00:00+00:00,0.0,[],0.0,24
2026-01-09 06:00:00+00:00,0.0,[],0.0,24
2026-01-08 06:00:00+00:00,0.0,[],0.0,24
2026-01-07 06:00:00+00:00,0.0,[],0.0,24
2026-01-22 06:00:00+00:00,0.0,[],0.0,24
2026-01-01 06:00:00+00:00,0.0,[],0.0,24
2025-12-28 06:00:00+00:00,0.0,[],0.0,24
2025-12-27 06:00:00+00:00,0.0,[],0.0,24
2025-12-26 06:00:00+00:00,0.0,[],0.0,24
2025-12-25 06:00:00+00:00,0.0,[],0.0,24
2025-12-24 06:00:00+00:00,0.0,[],0.0,24
2025-12-23 06:00:00+00:00,0.0,[],0.0,24
2025-12-22 06:00:00+00:00,0.0,[],0.0,24
2025-11-03 06:00:00+00:00,0.0,[],0.0,24
2025-11-02 06:00:00+00:00,0.0,[],0.0,24
2025-11-01 06:00:00+00:00,0.0,[],0.0,24
2025-12-02 06:00:00+00:00,0.0,[],0.0,24
2025-10-30 06:00:00+00:00,0.0,[],0.0,24
2025-10-29 06:00:00+00:00,0.0,[],0.0,24
2025-10-28 06:00:00+00:00,0.0,[],0.0,24
2025-11-11 06:00:00+00:00,0.0,[],0.0,24
2025-11-10 06:00:00+00:00,0.0,[],0.0,24
2025-11-09 06:00:00+00:00,0.0,[],0.0,24
2025-11-08 06:00:00+00:00,0.0,[],0.0,24
2025-11-07 06:00:00+00:00,0.0,[],0.0,24
2025-11-06 06:00:00+00:00,0.0,[],0.0,24
2025-11-05 06:00:00+00:00,0.0,[],0.0,24
2025-10-31 06:00:00+00:00,0.0,[],0.0,24
2026-04-02 06:00:00+00:00,0.0,[],0.0,24
2025-12-01 06:00:00+00:00,0.0,[],0.0,24
2025-11-30 06:00:00+00:00,0.0,[],0.0,24
2025-11-29 06:00:00+00:00,0.0,[],0.0,24
2025-11-28 06:00:00+00:00,0.0,[],0.0,24
2025-12-13 06:00:00+00:00,0.0,[],0.0,24
2025-12-12 06:00:00+00:00,0.0,[],0.0,24
2025-12-11 06:00:00+00:00,0.0,[],0.0,24
2025-12-10 06:00:00+00:00,0.0,[],0.0,24
2025-12-09 06:00:00+00:00,0.0,[],0.0,24
2025-12-29 06:00:00+00:00,0.0,[],0.0,24
2025-12-07 06:00:00+00:00,0.0,[],0.0,24
2025-12-06 06:00:00+00:00,0.0,[],0.0,24
2025-12-21 06:00:00+00:00,0.0,[],0.0,24
2025-12-20 06:00:00+00:00,0.0,[],0.0,24
2025-12-19 06:00:00+00:00,0.0,[],0.0,24
2025-12-18 06:00:00+00:00,0.0,[],0.0,24
2025-12-17 06:00:00+00:00,0.0,[],0.0,24
2025-12-16 06:00:00+00:00,0.0,[],0.0,24
2025-12-15 06:00:00+00:00,0.0,[],0.0,24
2025-12-14 06:00:00+00:00,0.0,[],0.0,24
2025-12-08 06:00:00+00:00,0.0,[],0.0,24
2026-07-12 06:00:00+00:00,0.0,[],0.0,24
2026-03-29 06:00:00+00:00,0.0,[],0.0,24
2026-07-10 06:00:00+00:00,0.0,[],0.0,24
2026-07-25 06:00:00+00:00,0.0,[],0.0,24
2026-07-24 06:00:00+00:00,0.0,[],0.0,24
2026-07-23 06:00:00+00:00,0.0,[],0.0,24
2026-02-07 06:00:00+00:00,0.0,[],0.0,24
2026-02-06 06:00:00+00:00,0.0,[],0.0,24
2026-02-05 06:00:00+00:00,0.0,[],0.0,24
2026-04-03 06:00:00+00:00,0.0,[],0.0,24
2026-02-03 06:00:00+00:00,0.0,[],0.0,24
2026-02-02 06:00:00+00:00,0.0,[],0.0,24
2026-02-01 06:00:00+00:00,0.0,[],0.0,24
2026-01-31 06:00:00+00:00,0.0,[],0.0,24
2026-02-15 06:00:00+00:00,0.0,[],0.0,24
2026-02-14 06:00:00+00:00,0.0,[],0.0,24
2026-02-13 06:00:00+00:00,0.0,[],0.0,24
2026-02-12 06:00:00+00:00,0.0,[],0.0,24
2026-02-11 06:00:00+00:00,0.0,[],0.0,24
2026-02-10 06:00:00+00:00,0.0,[],0.0,24
2026-03-30 06:00:00+00:00,0.0,[],0.0,24
2025-02-22 06:00:00+00:00,0.0,[],0.0,24
2025-03-08 06:00:00+00:00,0.0,[],0.0,24
2025-03-07 06:00:00+00:00,0.0,[],0.0,24
2025-03-06 06:00:00+00:00,0.0,[],0.0,24
2025-03-05 06:00:00+00:00,0.0,[],0.0,24
2025-03-04 06:00:00+00:00,0.0,[],0.0,24
2025-03-03 06:00:00+00:00,0.0,[],0.0,24
2025-03-02 06:00:00+00:00,0.0,[],0.0,24
2025-03-01 06:00:00+00:00,0.0,[],0.0,24
2025-03-16 06:00:00+00:00,0.0,[],0.0,24
2026-07-13 06:00:00+00:00,0.0,[],0.0,24
2025-03-14 06:00:00+00:00,0.0,[],0.0,24
2025-03-13 06:00:00+00:00,0.0,[],0.0,24
2025-03-12 06:00:00+00:00,0.0,[],0.0,24
2025-03-11 06:00:00+00:00,0.0,[],0.0,24
2025-03-10 06:00:00+00:00,0.0,[],0.0,24
2025-03-09 06:00:00+00:00,0.0,[],0.0,24
2026-07-17 06:00:00+00:00,0.0,[],0.0,24
2026-07-16 06:00:00+00:00,0.0,[],0.0,24
2026-07-15 06:00:00+00:00,0.0,[],0.0,24
2026-07-14 06:00:00+00:00,0.0,[],0.0,24
2025-03-15 06:00:00+00:00,0.0,[],0.0,24
2026-03-06 06:00:00+00:00,0.0,[],0.0,24
2026-03-05 06:00:00+00:00,0.0,[],0.0,24
2026-03-04 06:00:00+00:00,0.0,[],0.0,24
2026-03-19 06:00:00+00:00,0.0,[],0.0,24
2026-03-18 06:00:00+00:00,0.0,[],0.0,24
2026-03-17 06:00:00+00:00,0.0,[],0.0,24
2026-03-16 06:00:00+00:00,0.0,[],0.0,24
2026-03-15 06:00:00+00:00,0.0,[],0.0,24
2026-03-14 06:00:00+00:00,0.0,[],0.0,24
2026-03-13 06:00:00+00:00,0.0,[],0.0,24
2026-02-09 06:00:00+00:00,0.0,[],0.0,24
2026-03-27 06:00:00+00:00,0.0,[],0.0,24
2026-03-26 06:00:00+00:00,0.0,[],0.0,24
2026-03-25 06:00:00+00:00,0.0,[],0.0,24
2026-03-24 06:00:00+00:00,0.0,[],0.0,24
2026-03-23 06:00:00+00:00,0.0,[],0.0,24
2026-03-22 06:00:00+00:00,0.0,[],0.0,24
2026-03-21 06:00:00+00:00,0.0,[],0.0,24
2026-03-20 06:00:00+00:00,0.0,[],0.0,24
2026-04-04 06:00:00+00:00,0.0,[],0.0,24
2025-11-04 06:00:00+00:00,0.0,[],0.0,24
2026-03-12 06:00:00+00:00,0.0,[],0.0,24
2026-02-08 06:00:00+00:00,0.0,[],0.0,24
2026-02-23 06:00:00+00:00,0.0,[],0.0,24
2026-02-22 06:00:00+00:00,0.0,[],0.0,24
2026-02-21 06:00:00+00:00,0.0,[],0.0,24
2026-02-20 06:00:00+00:00,0.0,[],0.0,24
2026-02-19 06:00:00+00:00,0.0,[],0.0,24
2026-02-18 06:00:00+00:00,0.0,[],0.0,24
2026-02-17 06:00:00+00:00,0.0,[],0.0,24
2026-02-16 06:00:00+00:00,0.0,[],0.0,24
2026-03-03 06:00:00+00:00,0.0,[],0.0,24
2026-03-07 06:00:00+00:00,0.0,[],0.0,24
2026-03-01 06:00:00+00:00,0.0,[],0.0,24
2026-07-31 06:00:00+00:00,0.0,[],0.0,24
2026-02-27 06:00:00+00:00,0.0,[],0.0,24
2025-02-26 06:00:00+00:00,0.0,[],0.0,24
2025-02-25 06:00:00+00:00,0.0,[],0.0,24
2025-02-24 06:00:00+00:00,0.0,[],0.0,24
2026-08-02 06:00:00+00:00,0.0,[],0.0,24
2026-03-10 06:00:00+00:00,0.0,[],0.0,24
2026-03-09 06:00:00+00:00,0.0,[],0.0,24
2026-03-08 06:00:00+00:00,0.0,[],0.0,24
2026-03-02 06:00:00+00:00,0.0,[],0.0,24
2025-03-24 06:00:00+00:00,0.0,[],0.0,24
2025-03-23 06:00:00+00:00,0.0,[],0.0,24
2025-03-22 06:00:00+00:00,0.0,[],0.0,24
2025-03-21 06:00:00+00:00,0.0,[],0.0,24
2025-03-20 06:00:00+00:00,0.0,[],0.0,24
2026-03-28 06:00:00+00:00,0.0,[],0.0,24
2026-06-23 06:00:00+00:00,0.0,[],0.0,24
2026-06-22 06:00:00+00:00,0.0,[],0.0,24
2026-06-21 06:00:00+00:00,0.0,[],0.0,24
2025-11-18 06:00:00+00:00,0.0,[],0.0,24
2026-06-19 06:00:00+00:00,0.0,[],0.0,24
2026-06-18 06:00:00+00:00,0.0,[],0.0,24
2026-06-17 06:00:00+00:00,0.0,[],0.0,24
2026-06-16 06:00:00+00:00,0.0,[],0.0,24
2026-07-01 06:00:00+00:00,0.0,[],0.0,24
2026-06-30 06:00:00+00:00,0.0,[],0.0,24
2026-06-29 06:00:00+00:00,0.0,[],0.0,24
2026-06-28 06:00:00+00:00,0.0,[],0.0,24
2026-06-27 06:00:00+00:00,0.0,[],0.0,24
2026-06-26 06:00:00+00:00,0.0,[],0.0,24
2026-06-20 06:00:00+00:00,0.0,[],0.0,24
2025-04-13 06:00:00+00:00,0.0,[],0.0,24
2025-04-12 06:00:00+00:00,0.0,[],0.0,24
2025-04-11 06:00:00+00:00,0.0,[],0.0,24
2025-04-10 06:00:00+00:00,0.0,[],0.0,24
2025-02-19 06:00:00+00:00,0.0,[],0.0,24
2025-02-18 06:00:00+00:00,0.0,[],0.0,24
2025-02-17 06:00:00+00:00,0.0,[],0.0,24
2025-02-28 06:00:00+00:00,0.0,[],0.0,24
2025-02-27 06:00:00+00:00,0.0,[],0.0,24
2025-04-18 06:00:00+00:00,0.0,[],0.0,24
2026-06-14 06:00:00+00:00,0.0,[],0.0,24
2026-06-13 06:00:00+00:00,0.0,[],0.0,24
2026-06-12 06:00:00+00:00,0.0,[],0.0,24
2026-06-11 06:00:00+00:00,0.0,[],0.0,24
2026-06-10 06:00:00+00:00,0.0,[],0.0,24
2026-06-09 06:00:00+00:00,0.0,[],0.0,24
2026-06-08 06:00:00+00:00,0.0,[],0.0,24
2025-04-21 06:00:00+00:00,0.0,[],0.0,24
2025-04-20 06:00:00+00:00,0.0,[],0.0,24
2025-04-19 06:00:00+00:00,0.0,[],0.0,24
2026-06-15 06:00:00+00:00,0.0,[],0.0,24
2026-08-08 06:00:00+00:00,0.0,[],0.0,24
2026-08-07 06:00:00+00:00,0.0,[],0.0,24
2026-08-06 06:00:00+00:00,0.0,[],0.0,24
2026-08-05 06:00:00+00:00,0.0,[],0.0,24
2026-08-04 06:00:00+00:00,0.0,[],0.0,24
2026-08-03 06:00:00+00:00,0.0,[],0.0,24
2026-07-11 06:00:00+00:00,0.0,[],0.0,24
2026-03-11 06:00:00+00:00,0.0,[],0.0,24
2025-02-23 06:00:00+00:00,0.0,[],0.0,24
2026-06-25 06:00:00+00:00,0.0,[],0.0,24
2026-02-04 06:00:00+00:00,0.0,[],0.0,24
2026-07-18 06:00:00+00:00,0.0,[],0.0,24
2025-03-19 06:00:00+00:00,0.0,[],0.0,24
2026-02-28 06:00:00+00:00,0.0,[],0.0,24
2026-08-17 06:00:00+00:00,0.0,[],0.0,24
2026-08-16 06:00:00+00:00,0.0,[],0.0,24
2026-08-15 06:00:00+00:00,0.0,[],0.0,24
2026-08-14 06:00:00+00:00,0.0,[],0.0,24
2026-08-13 06:00:00+00:00,0.0,[],0.0,24
2026-08-12 06:00:00+00:00,0.0,[],0.0,24
2026-07-02 06:00:00+00:00,0.0,[],0.0,24
2026-06-24 06:00:00+00:00,0.0,[],0.0,24
2026-07-09 06:00:00+00:00,0.0,[],0.0,24
2026-07-08 06:00:00+00:00,0.0,[],0.0,24
2026-07-07 06:00:00+00:00,0.0,[],0.0,24
2026-07-06 06:00:00+00:00,0.0,[],0.0,24
2026-07-05 06:00:00+00:00,0.0,[],0.0,24
2026-07-04 06:00:00+00:00,0.0,[],0.0,24
2026-07-03 06:00:00+00:00,0.0,[],0.0,24
2026-08-01 06:00:00+00:00,0.0,[],0.0,24
2026-07-22 06:00:00+00:00,0.0,[],0.0,24
2026-08-09 06:00:00+00:00,0.0,[],0.0,24
2026-07-20 06:00:00+00:00,0.0,[],0.0,24
2026-07-19 06:00:00+00:00,0.0,[],0.0,24
2025-02-12 06:00:00+00:00,0.0,[],0.0,24
2026-08-18 06:00:00+00:00,0.0,[],0.0,24
2026-07-30 06:00:00+00:00,0.0,[],0.0,24
2026-07-29 06:00:00+00:00,0.0,[],0.0,24
2026-07-28 06:00:00+00:00,0.0,[],0.0,24
2026-07-27 06:00:00+00:00,0.0,[],0.0,24
2026-07-26 06:00:00+00:00,0.0,[],0.0,24
2026-08-10 06:00:00+00:00,0.0,[],0.0,24
2026-07-21 06:00:00+00:00,0.0,[],0.0,24
2026-04-06 06:00:00+00:00,0.0,[],0.0,24
2026-04-05 06:00:00+00:00,0.0,[],0.0,24
2026-04-14 06:00:00+00:00,0.0,[],0.0,24
2026-04-13 06:00:00+00:00,0.0,[],0.0,24
2025-09-28 06:00:00+00:00,0.0,[],0.0,24
2025-09-27 06:00:00+00:00,0.0,[],0.0,24
2025-09-26 06:00:00+00:00,0.0,[],0.0,24
2025-09-25 06:00:00+00:00,0.0,[],0.0,24
2025-10-18 06:00:00+00:00,0.0,[],0.0,24
2025-04-14 06:00:00+00:00,0.0,[],0.0,24
2025-10-16 06:00:00+00:00,0.0,[],0.0,24
2025-10-15 06:00:00+00:00,0.0,[],0.0,24
2025-10-14 06:00:00+00:00,0.0,[],0.0,24
2025-10-13 06:00:00+00:00,0.0,[],0.0,24
2025-10-12 06:00:00+00:00,0.0,[],0.0,24
2025-10-11 06:00:00+00:00,0.0,[],0.0,24
2025-10-25 06:00:00+00:00,0.0,[],0.0,24
2025-10-24 06:00:00+00:00,0.0,[],0.0,24
2025-10-23 06:00:00+00:00,0.0,[],0.0,24
2025-10-22 06:00:00+00:00,0.0,[],0.0,24
2025-10-17 06:00:00+00:00,0.0,[],0.0,24
2025-11-19 06:00:00+00:00,0.0,[],0.0,24
2026-08-11 06:00:00+00:00,0.0,[],0.0,24
2025-11-17 06:00:00+00:00,0.0,[],0.0,24
2025-11-16 06:00:00+00:00,0.0,[],0.0,24
2025-11-15 06:00:00+00:00,0.0,[],0.0,24
2025-11-14 06:00:00+00:00,0.0,[],0.0,24
2025-11-13 06:00:00+00:00,0.0,[],0.0,24
2025-11-12 06:00:00+00:00,0.0,[],0.0,24
2025-11-27 06:00:00+00:00,0.0,[],0.0,24
2025-11-26 06:00:00+00:00,0.0,[],0.0,24
2026-04-07 06:00:00+00:00,0.0,[],0.0,24
2025-11-24 06:00:00+00:00,0.0,[],0.0,24
2025-11-23 06:00:00+00:00,0.0,[],0.0,24
2025-11-22 06:00:00+00:00,0.0,[],0.0,24
2025-11-21 06:00:00+00:00,0.0,[],0.0,24
2025-11-20 06:00:00+00:00,0.0,[],0.0,24
2026-04-12 06:00:00+00:00,0.0,[],0.0,24
2026-04-11 06:00:00+00:00,0.0,[],0.0,24
2026-04-10 06:00:00+00:00,0.0,[],0.0,24
2026-04-09 06:00:00+00:00,0.0,[],0.0,24
2026-04-08 06:00:00+00:00,0.0,[],0.0,24
2025-11-25 06:00:00+00:00,0.0,[],0.0,24
2025-03-17 06:00:00+00:00,0.0,[],0.0,24
2025-04-01 06:00:00+00:00,0.0,[],0.0,24
2025-03-31 06:00:00+00:00,0.0,[],0.0,24
2025-03-30 06:00:00+00:00,0.0,[],0.0,24
2025-03-29 06:00:00+00:00,0.0,[],0.0,24
2025-03-28 06:00:00+00:00,0.0,[],0.0,24
2025-03-27 06:00:00+00:00,0.0,[],0.0,24
2025-03-26 06:00:00+00:00,0.0,[],0.0,24
2025-03-25 06:00:00+00:00,0.0,[],0.0,24
2025-10-21 06:00:00+00:00,0.0,[],0.0,24
2025-04-08 06:00:00+00:00,0.0,[],0.0,24
2025-04-07 06:00:00+00:00,0.0,[],0.0,24
2025-04-06 06:00:00+00:00,0.0,[],0.0,24
2025-04-05 06:00:00+00:00,0.0,[],0.0,24
2025-04-04 06:00:00+00:00,0.0,[],0.0,24
2025-04-03 06:00:00+00:00,0.0,[],0.0,24
2025-04-02 06:00:00+00:00,0.0,[],0.0,24
2025-04-17 06:00:00+00:00,0.0,[],0.0,24
2025-04-16 06:00:00+00:00,0.0,[],0.0,24
2025-04-15 06:00:00+00:00,0.0,[],0.0,24
2025-04-09 06:00:00+00:00,0.0,[],0.0,24
2025-10-20 06:00:00+00:00,0.0,[],0.0,24
2025-10-19 06:00:00+00:00,0.0,[],0.0,24
2025-08-31 06:00:00+00:00,0.0,[],0.0,24
2025-08-30 06:00:00+00:00,0.0,[],0.0,24
2025-08-29 06:00:00+00:00,0.0,[],0.0,24
2025-08-26 06:00:00+00:00,0.0,[],0.0,24
2025-09-07 06:00:00+00:00,0.0,[],0.0,24
2025-09-06 06:00:00+00:00,0.0,[],0.0,24
2025-09-03 06:00:00+00:00,0.0,[],0.0,24
2025-09-02 06:00:00+00:00,0.0,[],0.0,24
2025-03-18 06:00:00+00:00,0.0,[],0.0,24
2025-09-24 06:00:00+00:00,0.0,[],0.0,24
2025-09-23 06:00:00+00:00,0.0,[],0.0,24
2025-09-22 06:00:00+00:00,0.0,[],0.0,24
2026-06-07 06:00:00+00:00,0.0,[],0.0,24
2026-06-06 06:00:00+00:00,0.0,[],0.0,24
2026-06-05 06:00:00+00:00,0.0,[],0.0,24
2026-06-04 06:00:00+00:00,0.0,[],0.0,24
2026-06-03 06:00:00+00:00,0.0,[],0.0,24
2026-06-02 06:00:00+00:00,0.0,[],0.0,24
2026-06-01 06:00:00+00:00,0.0,[],0.0,24
2025-09-01 06:00:00+00:00,0.0,[],0.0,24
2025-01-11 06:00:00+00:00,-0.0005143389849752156,"['BNB-USDT', 'BTC-USDT', 'LSK-USDT', 'SUI-USDT', 'XRP-USDT']",1.0,24
2025-08-04 06:00:00+00:00,-0.000788164873003594,"['CRV-USDT', 'ETH-USDT', 'HBAR-USDT', 'PENGU-USDT', 'XLM-USDT']",1.0,24
2025-02-14 06:00:00+00:00,-0.0008122172474377409,"['JUP-USDT', 'LTC-USDT', 'OKB-USDT', 'ONDO-USDT', 'SOL-USDT']",1.0,24
2025-06-01 06:00:00+00:00,-0.0008716521766872765,"['AAVE-USDT', 'ETH-USDT', 'ETHFI-USDT', 'INJ-USDT', 'PEPE-USDT']",1.0,24
2025-06-28 06:00:00+00:00,-0.0010068108350572702,"['BCH-USDT', 'BTC-USDT', 'OKB-USDT', 'TRX-USDT', 'UNI-USDT']",1.0,24
2025-01-05 06:00:00+00:00,-0.0011191497558610264,"['AAVE-USDT', 'HBAR-USDT', 'RAY-USDT', 'SUI-USDT', 'SUSHI-USDT']",1.0,24
2025-01-06 06:00:00+00:00,-0.0015652040553230107,"['AAVE-USDT', 'BTC-USDT', 'RAY-USDT', 'SUI-USDT', 'XRP-USDT']",1.0,24
2026-05-10 06:00:00+00:00,-0.0015933083120835967,"['JUP-USDT', 'ONDO-USDT', 'ORDI-USDT', 'PENGU-USDT', 'ZEC-USDT']",1.0,24
2025-01-13 06:00:00+00:00,-0.0016650051613881223,"['BNB-USDT', 'LSK-USDT', 'SUI-USDT', 'XLM-USDT', 'XRP-USDT']",1.0,24
2026-04-26 06:00:00+00:00,-0.0018524362361367341,"['ARB-USDT', 'MON-USDT', 'ORDI-USDT', 'PENGU-USDT', 'ZEC-USDT']",1.0,24
2025-06-07 06:00:00+00:00,-0.001997123736152351,"['AAVE-USDT', 'ETH-USDT', 'ETHFI-USDT', 'INJ-USDT', 'PEPE-USDT']",1.0,24
2025-09-10 06:00:00+00:00,-0.0022045910242119993,[],0.0,24
2025-09-08 06:00:00+00:00,-0.002205814220886171,[],0.0,24
2025-08-27 06:00:00+00:00,-0.0022072605958667335,[],0.0,24
2025-02-20 06:00:00+00:00,-0.002209468097931988,[],0.0,24
2025-09-29 06:00:00+00:00,-0.002209707388893034,[],0.0,24
2025-02-13 06:00:00+00:00,-0.0022097685727288097,[],0.0,24
2025-10-26 06:00:00+00:00,-0.0022100357374158497,[],0.0,24
2025-04-22 06:00:00+00:00,-0.002212733648272458,[],0.0,24
2025-09-04 06:00:00+00:00,-0.0022142431257263784,[],0.0,24
2026-08-19 06:00:00+00:00,-0.00221444132183346,[],0.0,24
2026-04-15 06:00:00+00:00,-0.0022321532703567515,[],0.0,24
2025-06-22 06:00:00+00:00,-0.0023426948688650695,"['BCH-USDT', 'BTC-USDT', 'OKB-USDT', 'TRX-USDT', 'UNI-USDT']",1.0,24
2025-05-22 06:00:00+00:00,-0.002347204565511185,"['ETHFI-USDT', 'PENGU-USDT', 'PEPE-USDT', 'SUI-USDT', 'TRUMP-USDT']",1.0,24
2025-10-06 06:00:00+00:00,-0.0026187343574164412,"['APT-USDT', 'BNB-USDT', 'ETHFI-USDT', 'PUMP-USDT', 'WLD-USDT']",1.0,24
2026-05-31 06:00:00+00:00,-0.002749702344219118,"['HYPE-USDT', 'INJ-USDT', 'LIT-USDT', 'NEAR-USDT', 'ZEC-USDT']",1.0,24
2026-09-02 06:00:00+00:00,-0.002980433933092441,"['CHIP-USDT', 'CRV-USDT', 'ENA-USDT', 'MINA-USDT', 'PUMP-USDT']",1.0,24
2025-07-27 06:00:00+00:00,-0.004618124634072407,"['AR-USDT', 'CRV-USDT', 'HBAR-USDT', 'PENGU-USDT', 'XLM-USDT']",1.0,24
2025-05-17 06:00:00+00:00,-0.005275912821185225,"['AAVE-USDT', 'ETHFI-USDT', 'PENGU-USDT', 'PEPE-USDT', 'SUI-USDT']",1.0,24
2025-05-06 06:00:00+00:00,-0.005308184539078442,"['CRV-USDT', 'FET-USDT', 'PENGU-USDT', 'RAY-USDT', 'SUI-USDT']",1.0,24
2025-06-18 06:00:00+00:00,-0.006009464666515529,"['AAVE-USDT', 'BCH-USDT', 'ETH-USDT', 'TRX-USDT', 'UNI-USDT']",1.0,24
2025-07-04 06:00:00+00:00,-0.006053562998688533,"['BCH-USDT', 'BTC-USDT', 'PENGU-USDT', 'TRX-USDT', 'UNI-USDT']",1.0,24
2025-05-24 06:00:00+00:00,-0.007554320646956714,"['AAVE-USDT', 'ETHFI-USDT', 'PENGU-USDT', 'PEPE-USDT', 'WLD-USDT']",1.0,24
2026-05-07 06:00:00+00:00,-0.007715690517658524,"['AR-USDT', 'DASH-USDT', 'ORDI-USDT', 'PENGU-USDT', 'ZEC-USDT']",1.0,24
2026-09-10 06:00:00+00:00,-0.007737609914782673,"['ARB-USDT', 'CHIP-USDT', 'MINA-USDT', 'RAY-USDT', 'ZEC-USDT']",1.0,24
2025-01-30 06:00:00+00:00,-0.00800369039394555,"['JUP-USDT', 'LTC-USDT', 'RAY-USDT', 'SOL-USDT', 'XRP-USDT']",1.0,24
2026-05-14 06:00:00+00:00,-0.008006062676081838,"['INJ-USDT', 'ONDO-USDT', 'ORDI-USDT', 'TIA-USDT', 'ZEC-USDT']",1.0,24
2025-07-07 06:00:00+00:00,-0.008360775027012712,"['AAVE-USDT', 'BCH-USDT', 'PENGU-USDT', 'TRX-USDT', 'UNI-USDT']",1.0,24
2025-08-19 06:00:00+00:00,-0.009714644555555818,"['BNB-USDT', 'ETH-USDT', 'LINK-USDT', 'OKB-USDT', 'RAY-USDT']",1.0,24
2025-01-10 06:00:00+00:00,-0.009997881243217654,"['AAVE-USDT', 'BNB-USDT', 'HBAR-USDT', 'LSK-USDT', 'SUI-USDT']",1.0,24
2025-08-28 06:00:00+00:00,-0.010433253618659988,"['ETH-USDT', 'LINK-USDT', 'OKB-USDT', 'PUMP-USDT', 'RAY-USDT']",1.0,24
2025-06-16 06:00:00+00:00,-0.010641729875567996,"['AAVE-USDT', 'BCH-USDT', 'ETH-USDT', 'ICP-USDT', 'UNI-USDT']",1.0,24
2025-09-15 06:00:00+00:00,-0.010712297399690707,"['ETHFI-USDT', 'OKB-USDT', 'PUMP-USDT', 'SOL-USDT', 'WLD-USDT']",1.0,24
2025-07-03 06:00:00+00:00,-0.011447717810612934,"['AAVE-USDT', 'BCH-USDT', 'PENGU-USDT', 'TRX-USDT', 'UNI-USDT']",1.0,24
2025-10-08 06:00:00+00:00,-0.011741009422997273,"['BNB-USDT', 'ETHFI-USDT', 'PUMP-USDT', 'STRK-USDT', 'ZRO-USDT']",1.0,24
2025-01-02 06:00:00+00:00,-0.011748179663590319,"['AAVE-USDT', 'CRV-USDT', 'RAY-USDT', 'SUI-USDT', 'TRX-USDT']",1.0,24
2026-05-30 06:00:00+00:00,-0.01183423300532338,"['HYPE-USDT', 'INJ-USDT', 'NEAR-USDT', 'XLM-USDT', 'ZEC-USDT']",1.0,24
2025-08-02 06:00:00+00:00,-0.012590916948691966,"['CRV-USDT', 'ETH-USDT', 'HBAR-USDT', 'PENGU-USDT', 'XLM-USDT']",1.0,24
2026-04-23 06:00:00+00:00,-0.012964418580789228,"['ARB-USDT', 'MON-USDT', 'ORDI-USDT', 'STRK-USDT', 'ZEC-USDT']",1.0,24
2025-06-26 06:00:00+00:00,-0.013219806538319778,"['BCH-USDT', 'BTC-USDT', 'OKB-USDT', 'TRX-USDT', 'UNI-USDT']",1.0,24
2026-08-22 06:00:00+00:00,-0.013220635690442184,"['CRV-USDT', 'ENA-USDT', 'PUMP-USDT', 'TRUMP-USDT', 'ZEC-USDT']",1.0,24
2026-04-25 06:00:00+00:00,-0.013351207223004868,"['ARB-USDT', 'ORDI-USDT', 'PENGU-USDT', 'ZAMA-USDT', 'ZEC-USDT']",1.0,24
2025-08-13 06:00:00+00:00,-0.013525013536340502,"['CRV-USDT', 'ETH-USDT', 'LINK-USDT', 'LTC-USDT', 'OKB-USDT']",1.0,24
2025-07-19 06:00:00+00:00,-0.013738538417988444,"['CRV-USDT', 'HBAR-USDT', 'PENGU-USDT', 'SUSHI-USDT', 'XLM-USDT']",1.0,24
2025-05-05 06:00:00+00:00,-0.015033100709882063,"['CRV-USDT', 'FET-USDT', 'PENGU-USDT', 'RAY-USDT', 'SUI-USDT']",1.0,24
2025-06-27 06:00:00+00:00,-0.015457678673040376,"['APT-USDT', 'BCH-USDT', 'BTC-USDT', 'TRX-USDT', 'UNI-USDT']",1.0,24
2026-05-03 06:00:00+00:00,-0.015710999008500592,"['BABY-USDT', 'INJ-USDT', 'ORDI-USDT', 'PENGU-USDT', 'ZEC-USDT']",1.0,24
2026-08-26 06:00:00+00:00,-0.01630009282463407,"['CRV-USDT', 'ENA-USDT', 'POL-USDT', 'PUMP-USDT', 'ZEC-USDT']",1.0,24
2026-04-29 06:00:00+00:00,-0.016866423877168524,"['ARB-USDT', 'ORDI-USDT', 'PENGU-USDT', 'RAY-USDT', 'ZEC-USDT']",1.0,24
2025-01-20 06:00:00+00:00,-0.016912626676279907,"['HBAR-USDT', 'OKB-USDT', 'RAY-USDT', 'SOL-USDT', 'XRP-USDT']",1.0,24
2025-02-04 06:00:00+00:00,-0.017112894715078486,"['BTC-USDT', 'JUP-USDT', 'RAY-USDT', 'SOL-USDT', 'XRP-USDT']",1.0,24
2026-05-26 06:00:00+00:00,-0.01729985941036949,"['HYPE-USDT', 'INJ-USDT', 'NEAR-USDT', 'ONDO-USDT', 'ZEC-USDT']",1.0,24
2025-02-05 06:00:00+00:00,-0.018390457891278134,"['BTC-USDT', 'JUP-USDT', 'RAY-USDT', 'SOL-USDT', 'XRP-USDT']",1.0,24
2025-01-17 06:00:00+00:00,-0.019154148956975092,"['HBAR-USDT', 'LTC-USDT', 'RAY-USDT', 'XLM-USDT', 'XRP-USDT']",1.0,24
2025-09-18 06:00:00+00:00,-0.020262868702756398,"['AVAX-USDT', 'ETHFI-USDT', 'OKB-USDT', 'PUMP-USDT', 'WLD-USDT']",1.0,24
2025-10-09 06:00:00+00:00,-0.020364010889890594,"['BNB-USDT', 'ETHFI-USDT', 'PUMP-USDT', 'STRK-USDT', 'ZRO-USDT']",1.0,24
2025-07-29 06:00:00+00:00,-0.020455386863820757,"['CRV-USDT', 'ETH-USDT', 'HBAR-USDT', 'PENGU-USDT', 'XLM-USDT']",1.0,24
2025-08-05 06:00:00+00:00,-0.02068612188318253,"['CRV-USDT', 'ETH-USDT', 'HBAR-USDT', 'PENGU-USDT', 'XLM-USDT']",1.0,24
2025-06-14 06:00:00+00:00,-0.021478480265016642,"['AAVE-USDT', 'BCH-USDT', 'BTC-USDT', 'ICP-USDT', 'UNI-USDT']",1.0,24
2026-08-28 06:00:00+00:00,-0.0220548859834927,"['ENA-USDT', 'PENGU-USDT', 'PUMP-USDT', 'TRUMP-USDT', 'ZEC-USDT']",1.0,24
2025-10-27 06:00:00+00:00,-0.022694624754900694,"['BCH-USDT', 'BNB-USDT', 'BTC-USDT', 'ETH-USDT', 'STRK-USDT']",1.0,24
2025-05-26 06:00:00+00:00,-0.023215832955012727,"['AAVE-USDT', 'ETH-USDT', 'ETHFI-USDT', 'PENGU-USDT', 'PEPE-USDT']",1.0,24
2025-02-09 06:00:00+00:00,-0.02343247868931153,"['JUP-USDT', 'OKB-USDT', 'ONDO-USDT', 'SOL-USDT', 'XRP-USDT']",1.0,24
2025-02-07 06:00:00+00:00,-0.023749362180957245,"['BTC-USDT', 'JUP-USDT', 'LTC-USDT', 'ONDO-USDT', 'RAY-USDT']",1.0,24
2025-01-31 06:00:00+00:00,-0.023878978493771297,"['JUP-USDT', 'LINK-USDT', 'RAY-USDT', 'SOL-USDT', 'XRP-USDT']",1.0,24
2026-04-27 06:00:00+00:00,-0.024174343760655526,"['ARB-USDT', 'MON-USDT', 'ORDI-USDT', 'PENGU-USDT', 'ZEC-USDT']",1.0,24
2025-05-01 06:00:00+00:00,-0.02450779726461616,"['CRV-USDT', 'FET-USDT', 'PENGU-USDT', 'RAY-USDT', 'SUI-USDT']",1.0,24
2025-08-01 06:00:00+00:00,-0.024801748778814692,"['CRV-USDT', 'ETH-USDT', 'HBAR-USDT', 'PENGU-USDT', 'XLM-USDT']",1.0,24
2026-08-24 06:00:00+00:00,-0.024830110289275398,"['ENA-USDT', 'LIT-USDT', 'PENGU-USDT', 'PUMP-USDT', 'ZEC-USDT']",1.0,24
2025-07-14 06:00:00+00:00,-0.02510705175514205,"['HBAR-USDT', 'PENGU-USDT', 'RAY-USDT', 'XLM-USDT', 'XRP-USDT']",1.0,24
2025-06-30 06:00:00+00:00,-0.025823642039361383,"['AAVE-USDT', 'ARB-USDT', 'BCH-USDT', 'PENGU-USDT', 'UNI-USDT']",1.0,24
2025-04-23 06:00:00+00:00,-0.02635297160339345,"['CRV-USDT', 'FET-USDT', 'PEPE-USDT', 'RAY-USDT', 'SUI-USDT']",1.0,24
2026-05-04 06:00:00+00:00,-0.02651709047945705,"['BABY-USDT', 'DASH-USDT', 'ORDI-USDT', 'PENGU-USDT', 'ZEC-USDT']",1.0,24
2026-04-19 06:00:00+00:00,-0.027964160949087158,"['AR-USDT', 'ARB-USDT', 'BABY-USDT', 'ORDI-USDT', 'ZEC-USDT']",1.0,24
2025-10-05 06:00:00+00:00,-0.028501496643098645,"['BNB-USDT', 'ETHFI-USDT', 'NEAR-USDT', 'PUMP-USDT', 'WLD-USDT']",1.0,24
2025-08-23 06:00:00+00:00,-0.028542185897927674,"['ARB-USDT', 'ETH-USDT', 'LINK-USDT', 'OKB-USDT', 'RAY-USDT']",1.0,24
2025-06-17 06:00:00+00:00,-0.02865024952552897,"['AAVE-USDT', 'BCH-USDT', 'ETH-USDT', 'ICP-USDT', 'UNI-USDT']",1.0,24
2025-02-16 06:00:00+00:00,-0.028661412238602968,"['BTC-USDT', 'JUP-USDT', 'OKB-USDT', 'ONDO-USDT', 'TRX-USDT']",1.0,24
2025-08-24 06:00:00+00:00,-0.029395995720869594,"['ARB-USDT', 'ETH-USDT', 'LINK-USDT', 'OKB-USDT', 'RAY-USDT']",1.0,24
2025-06-20 06:00:00+00:00,-0.030669228946340832,"['BCH-USDT', 'BNB-USDT', 'OKB-USDT', 'TRX-USDT', 'UNI-USDT']",1.0,24
2025-01-24 06:00:00+00:00,-0.03212149977260248,"['OKB-USDT', 'RAY-USDT', 'SOL-USDT', 'XLM-USDT', 'XRP-USDT']",1.0,24
2025-01-28 06:00:00+00:00,-0.0328730643416032,"['JUP-USDT', 'RAY-USDT', 'SOL-USDT', 'XLM-USDT', 'XRP-USDT']",1.0,24
2025-09-19 06:00:00+00:00,-0.03306511333096862,"['AVAX-USDT', 'ETHFI-USDT', 'OKB-USDT', 'PUMP-USDT', 'WLD-USDT']",1.0,24
2025-07-18 06:00:00+00:00,-0.034711210538673654,"['CRV-USDT', 'HBAR-USDT', 'PENGU-USDT', 'XLM-USDT', 'XRP-USDT']",1.0,24
2025-01-22 06:00:00+00:00,-0.03528242643180868,"['HBAR-USDT', 'OKB-USDT', 'RAY-USDT', 'SOL-USDT', 'XRP-USDT']",1.0,24
2026-08-25 06:00:00+00:00,-0.03547326842271137,"['CRV-USDT', 'ENA-USDT', 'LIT-USDT', 'PUMP-USDT', 'ZEC-USDT']",1.0,24
2026-05-13 06:00:00+00:00,-0.03612683589619892,"['INJ-USDT', 'ONDO-USDT', 'ORDI-USDT', 'TIA-USDT', 'ZEC-USDT']",1.0,24
2025-02-21 06:00:00+00:00,-0.03637173314686737,"['BNB-USDT', 'BTC-USDT', 'LTC-USDT', 'ONDO-USDT', 'TRX-USDT']",1.0,24
2025-08-15 06:00:00+00:00,-0.036490890557376865,"['ADA-USDT', 'ETH-USDT', 'LINK-USDT', 'OKB-USDT', 'RAY-USDT']",1.0,24
2025-04-29 06:00:00+00:00,-0.03683524270212002,"['FET-USDT', 'PENGU-USDT', 'RAY-USDT', 'SUI-USDT', 'WLD-USDT']",1.0,24
2025-06-21 06:00:00+00:00,-0.03765118353365271,"['AAVE-USDT', 'BCH-USDT', 'OKB-USDT', 'TRX-USDT', 'UNI-USDT']",1.0,24
2025-05-18 06:00:00+00:00,-0.0399458980641062,"['ETHFI-USDT', 'PENGU-USDT', 'PEPE-USDT', 'SUI-USDT', 'TRUMP-USDT']",1.0,24
2025-06-04 06:00:00+00:00,-0.04058509032849933,"['AAVE-USDT', 'ETH-USDT', 'ETHFI-USDT', 'INJ-USDT', 'PEPE-USDT']",1.0,24
2026-05-11 06:00:00+00:00,-0.04082072380181456,"['JUP-USDT', 'ONDO-USDT', 'ORDI-USDT', 'PENGU-USDT', 'ZEC-USDT']",1.0,24
2025-07-28 06:00:00+00:00,-0.041107419694724534,"['AR-USDT', 'CRV-USDT', 'HBAR-USDT', 'PENGU-USDT', 'XLM-USDT']",1.0,24
2025-07-21 06:00:00+00:00,-0.04132775987126924,"['ARB-USDT', 'CRV-USDT', 'HBAR-USDT', 'PENGU-USDT', 'XLM-USDT']",1.0,24
2025-06-11 06:00:00+00:00,-0.04201625212513638,"['AAVE-USDT', 'ETH-USDT', 'ETHFI-USDT', 'TRX-USDT', 'UNI-USDT']",1.0,24
2026-04-22 06:00:00+00:00,-0.042974122016591454,"['AR-USDT', 'ARB-USDT', 'ORDI-USDT', 'ZAMA-USDT', 'ZEC-USDT']",1.0,24
2025-08-17 06:00:00+00:00,-0.04305789625540801,"['BNB-USDT', 'ETH-USDT', 'LINK-USDT', 'OKB-USDT', 'RAY-USDT']",1.0,24
2025-01-12 06:00:00+00:00,-0.04514873412874676,"['BNB-USDT', 'HBAR-USDT', 'SUI-USDT', 'XLM-USDT', 'XRP-USDT']",1.0,24
2025-06-05 06:00:00+00:00,-0.047060012230567216,"['AAVE-USDT', 'ETH-USDT', 'ETHFI-USDT', 'INJ-USDT', 'PEPE-USDT']",1.0,24
2026-09-06 06:00:00+00:00,-0.04819948110215766,"['ARB-USDT', 'CHIP-USDT', 'DASH-USDT', 'LIT-USDT', 'ZEC-USDT']",1.0,24
2025-09-14 06:00:00+00:00,-0.04834201571611918,"['DOGE-USDT', 'ETHFI-USDT', 'OKB-USDT', 'PUMP-USDT', 'WLD-USDT']",1.0,24
2026-04-17 06:00:00+00:00,-0.048539070900353254,"['ARB-USDT', 'BABY-USDT', 'ORDI-USDT', 'ZAMA-USDT', 'ZEC-USDT']",1.0,24
2025-10-07 06:00:00+00:00,-0.049578007367275134,"['BNB-USDT', 'ETHFI-USDT', 'PUMP-USDT', 'STRK-USDT', 'WLD-USDT']",1.0,24
2025-04-28 06:00:00+00:00,-0.05259382461260198,"['FET-USDT', 'PENGU-USDT', 'RAY-USDT', 'SUI-USDT', 'TRUMP-USDT']",1.0,24
2026-05-09 06:00:00+00:00,-0.05426280711254572,"['ONDO-USDT', 'ORDI-USDT', 'PENGU-USDT', 'STRK-USDT', 'ZEC-USDT']",1.0,24
2025-02-06 06:00:00+00:00,-0.05584258630154593,"['BTC-USDT', 'JUP-USDT', 'LTC-USDT', 'RAY-USDT', 'XRP-USDT']",1.0,24
2025-08-14 06:00:00+00:00,-0.05656806740988696,"['ETH-USDT', 'LINK-USDT', 'LTC-USDT', 'OKB-USDT', 'RAY-USDT']",1.0,24
2026-05-17 06:00:00+00:00,-0.05960048662094308,"['BABY-USDT', 'INJ-USDT', 'ONDO-USDT', 'STRK-USDT', 'ZEC-USDT']",1.0,24
2025-05-16 06:00:00+00:00,-0.06125267474932561,"['AAVE-USDT', 'ETHFI-USDT', 'PENGU-USDT', 'PEPE-USDT', 'SUI-USDT']",1.0,24
2026-09-07 06:00:00+00:00,-0.06135384988863968,"['ARB-USDT', 'CHIP-USDT', 'DASH-USDT', 'ENA-USDT', 'ZEC-USDT']",1.0,24
2025-05-23 06:00:00+00:00,-0.0621227466703661,"['AAVE-USDT', 'ETHFI-USDT', 'PENGU-USDT', 'PEPE-USDT', 'WLD-USDT']",1.0,24
2026-08-30 06:00:00+00:00,-0.06277982111606162,"['CHIP-USDT', 'ENA-USDT', 'PUMP-USDT', 'TRUMP-USDT', 'ZEC-USDT']",1.0,24
2025-08-25 06:00:00+00:00,-0.0653233238844102,"['ARB-USDT', 'ETH-USDT', 'LINK-USDT', 'OKB-USDT', 'RAY-USDT']",1.0,24
2026-09-09 06:00:00+00:00,-0.06823403617864077,"['ARB-USDT', 'CHIP-USDT', 'LIT-USDT', 'RAY-USDT', 'ZEC-USDT']",1.0,24
2025-05-14 06:00:00+00:00,-0.06966973590182313,"['ETHFI-USDT', 'ORDI-USDT', 'PENGU-USDT', 'PEPE-USDT', 'RAY-USDT']",1.0,24
2025-08-11 06:00:00+00:00,-0.06969144223375334,"['CRV-USDT', 'ETH-USDT', 'HBAR-USDT', 'LINK-USDT', 'PENGU-USDT']",1.0,24
2026-05-15 06:00:00+00:00,-0.07296436216108293,"['INJ-USDT', 'ONDO-USDT', 'ORDI-USDT', 'TIA-USDT', 'ZEC-USDT']",1.0,24
2025-01-19 06:00:00+00:00,-0.07477111623444088,"['JUP-USDT', 'RAY-USDT', 'SOL-USDT', 'XLM-USDT', 'XRP-USDT']",1.0,24
2025-02-11 06:00:00+00:00,-0.07975944049073158,"['JUP-USDT', 'LTC-USDT', 'ONDO-USDT', 'RAY-USDT', 'SOL-USDT']",1.0,24
2025-06-12 06:00:00+00:00,-0.0801413098558239,"['AAVE-USDT', 'BCH-USDT', 'ETH-USDT', 'ETHFI-USDT', 'UNI-USDT']",1.0,24
2025-05-03 06:00:00+00:00,-0.0817873542826294,"['FET-USDT', 'PENGU-USDT', 'RAY-USDT', 'SUI-USDT', 'TRUMP-USDT']",1.0,24
2025-05-29 06:00:00+00:00,-0.08349223450795507,"['AAVE-USDT', 'ETH-USDT', 'ETHFI-USDT', 'INJ-USDT', 'PEPE-USDT']",1.0,24
2026-04-18 06:00:00+00:00,-0.08427450281028537,"['ARB-USDT', 'ORDI-USDT', 'TIA-USDT', 'ZAMA-USDT', 'ZEC-USDT']",1.0,24
2025-05-30 06:00:00+00:00,-0.08542820484288982,"['AAVE-USDT', 'ETH-USDT', 'ETHFI-USDT', 'INJ-USDT', 'PEPE-USDT']",1.0,24
2026-05-27 06:00:00+00:00,-0.08581764743874953,"['HYPE-USDT', 'INJ-USDT', 'NEAR-USDT', 'ONDO-USDT', 'ZEC-USDT']",1.0,24
2025-05-12 06:00:00+00:00,-0.08719205293711962,"['ETHFI-USDT', 'PENGU-USDT', 'PEPE-USDT', 'PI-USDT', 'SUI-USDT']",1.0,24
2026-09-14 06:00:00+00:00,-0.09088867215077467,"['LIT-USDT', 'LSK-USDT', 'MINA-USDT', 'RAY-USDT', 'ZEC-USDT']",1.0,24
2025-07-31 06:00:00+00:00,-0.09260258810698974,"['CRV-USDT', 'ETH-USDT', 'HBAR-USDT', 'PENGU-USDT', 'XLM-USDT']",1.0,24
2025-02-01 06:00:00+00:00,-0.09332206570443347,"['LINK-USDT', 'LTC-USDT', 'RAY-USDT', 'SOL-USDT', 'XRP-USDT']",1.0,24
2026-05-22 06:00:00+00:00,-0.09441930847809843,"['INJ-USDT', 'LIT-USDT', 'NEAR-USDT', 'ONDO-USDT', 'ZEC-USDT']",1.0,24
2025-01-07 06:00:00+00:00,-0.09478989577440511,"['AAVE-USDT', 'BNB-USDT', 'BTC-USDT', 'RAY-USDT', 'SUI-USDT']",1.0,24
2025-09-21 06:00:00+00:00,-0.11304140536904717,"['AVAX-USDT', 'ETHFI-USDT', 'PUMP-USDT', 'SOL-USDT', 'WLD-USDT']",1.0,24
2025-01-26 06:00:00+00:00,-0.11631641229139977,"['HBAR-USDT', 'LTC-USDT', 'RAY-USDT', 'SOL-USDT', 'XRP-USDT']",1.0,24
2025-07-23 06:00:00+00:00,-0.12849916453208488,"['CRV-USDT', 'HBAR-USDT', 'PENGU-USDT', 'SUSHI-USDT', 'XLM-USDT']",1.0,24
2026-09-13 06:00:00+00:00,-0.1292613513921138,"['CHIP-USDT', 'LSK-USDT', 'MINA-USDT', 'RAY-USDT', 'ZEC-USDT']",1.0,24
2025-02-02 06:00:00+00:00,-0.1386205179875033,"['BTC-USDT', 'LTC-USDT', 'OKB-USDT', 'RAY-USDT', 'XRP-USDT']",1.0,24
2025-10-10 06:00:00+00:00,-0.2143190696380355,"['BNB-USDT', 'ETHFI-USDT', 'NEAR-USDT', 'STRK-USDT', 'ZRO-USDT']",1.0,24
